"year_rect","species","n_recs","min_start","max_start","earliest_end","latest_end","mean_start","mean_end","median_start","median_end","range_start","range_end"
1856,"Acer rubrum",1,92,92,92,92,92,92,92,92,0,0
1880,"Rubus spectabilis",1,133,133,133,133,133,133,133,133,0,0
1882,"Rubus spectabilis",2,140,199,140,199,169.5,169.5,169.5,169.5,59,59
1883,"Acer rubrum",1,127,127,127,127,127,127,127,127,0,0
1886,"Juglans nigra",1,151,151,151,151,151,151,151,151,0,0
1887,"Acer rubrum",1,150,150,150,150,150,150,150,150,0,0
1890,"Acer rubrum",1,73,73,73,73,73,73,73,73,0,0
1892,"Acer rubrum",2,92,103,92,103,97.5,97.5,97.5,97.5,11,11
1893,"Acer rubrum",1,140,140,140,140,140,140,140,140,0,0
1893,"Rubus spectabilis",1,91,91,91,91,91,91,91,91,0,0
1895,"Acer rubrum",1,90,90,136,136,90,136,90,136,0,0
1895,"Rubus spectabilis",1,111,111,111,111,111,111,111,111,0,0
1896,"Acer rubrum",2,109,117,109,117,113,113,113,113,8,8
1896,"Rubus spectabilis",1,152,152,152,152,152,152,152,152,0,0
1897,"Acer rubrum",1,101,101,101,101,101,101,101,101,0,0
1898,"Rubus spectabilis",1,95,95,95,95,95,95,95,95,0,0
1899,"Rubus spectabilis",1,177,177,177,177,177,177,177,177,0,0
1900,"Acer rubrum",1,112,112,112,112,112,112,112,112,0,0
1901,"Acer platanoides",1,127,127,127,127,127,127,127,127,0,0
1901,"Acer rubrum",1,26,26,123,123,26,123,26,123,0,0
1901,"Ilex decidua",1,139,139,139,139,139,139,139,139,0,0
1901,"Rubus spectabilis",1,97,97,121,121,97,121,97,121,0,0
1902,"Acer platanoides",1,117,117,117,117,117,117,117,117,0,0
1902,"Acer rubrum",2,88,130,124,130,109,127,109,127,42,6
1902,"Rubus spectabilis",2,89,124,89,124,106.5,106.5,106.5,106.5,35,35
1903,"Acer rubrum",1,95,95,95,95,95,95,95,95,0,0
1903,"Rubus spectabilis",2,94,95,94,95,94.5,94.5,94.5,94.5,1,1
1904,"Acer rubrum",1,116,116,129,129,116,129,116,129,0,0
1905,"Acer platanoides",1,112,112,129,129,112,129,112,129,0,0
1905,"Acer rubrum",2,79,89,79,283,84,181,84,181,10,204
1905,"Juglans nigra",1,166,166,166,166,166,166,166,166,0,0
1905,"Rubus spectabilis",3,44,152,88,230,94.6666666666667,156.666666666667,88,152,108,142
1906,"Acer platanoides",1,132,132,132,132,132,132,132,132,0,0
1906,"Acer rubrum",1,97,97,147,147,97,147,97,147,0,0
1906,"Juglans nigra",1,143,143,143,143,143,143,143,143,0,0
1907,"Acer platanoides",1,278,278,278,278,278,278,278,278,0,0
1907,"Acer rubrum",4,80,116,99,121,96.5,110,95,110,36,22
1908,"Acer rubrum",1,103,103,103,103,103,103,103,103,0,0
1908,"Juglans nigra",1,142,142,142,142,142,142,142,142,0,0
1909,"Acer rubrum",1,101,101,129,129,101,129,101,129,0,0
1909,"Juglans nigra",1,141,141,141,141,141,141,141,141,0,0
1909,"Rubus laciniatus",2,183,265,183,265,224,224,224,224,82,82
1909,"Rubus spectabilis",1,141,141,141,141,141,141,141,141,0,0
1910,"Acer rubrum",2,84,85,84,85,84.5,84.5,84.5,84.5,1,1
1910,"Juglans nigra",2,135,136,135,159,135.5,147,135.5,147,1,24
1910,"Rubus spectabilis",1,113,113,113,113,113,113,113,113,0,0
1911,"Acer rubrum",2,97,140,97,140,118.5,118.5,118.5,118.5,43,43
1911,"Juglans nigra",1,144,144,170,170,144,170,144,170,0,0
1911,"Rubus laciniatus",2,201,214,201,214,207.5,207.5,207.5,207.5,13,13
1911,"Rubus spectabilis",3,176,196,176,196,188,188,192,192,20,20
1912,"Acer platanoides",1,64,64,64,64,64,64,64,64,0,0
1912,"Juglans nigra",1,136,136,136,136,136,136,136,136,0,0
1912,"Rubus laciniatus",1,275,275,275,275,275,275,275,275,0,0
1912,"Rubus spectabilis",2,125,125,125,151,125,138,125,138,0,26
1913,"Acer platanoides",1,123,123,123,123,123,123,123,123,0,0
1913,"Ilex decidua",1,112,112,112,112,112,112,112,112,0,0
1913,"Juglans nigra",1,111,111,142,142,111,142,111,142,0,0
1914,"Acer rubrum",1,138,138,138,138,138,138,138,138,0,0
1914,"Juglans nigra",2,142,143,142,143,142.5,142.5,142.5,142.5,1,1
1914,"Rubus laciniatus",1,192,192,192,192,192,192,192,192,0,0
1915,"Acer platanoides",1,147,147,147,147,147,147,147,147,0,0
1915,"Acer rubrum",1,108,108,116,116,108,116,108,116,0,0
1915,"Juglans nigra",1,26,26,137,137,26,137,26,137,0,0
1915,"Rubus laciniatus",2,219,241,219,241,230,230,230,230,22,22
1916,"Acer platanoides",1,298,298,298,298,298,298,298,298,0,0
1916,"Acer rubrum",2,127,128,128,135,127.5,131.5,127.5,131.5,1,7
1916,"Juglans nigra",1,149,149,149,149,149,149,149,149,0,0
1916,"Rubus laciniatus",1,278,278,278,278,278,278,278,278,0,0
1916,"Rubus spectabilis",2,99,99,99,235,99,167,99,167,0,136
1917,"Rubus spectabilis",1,158,158,158,158,158,158,158,158,0,0
1918,"Acer rubrum",1,84,84,84,84,84,84,84,84,0,0
1918,"Rubus laciniatus",1,191,191,191,191,191,191,191,191,0,0
1919,"Acer rubrum",1,89,89,116,116,89,116,89,116,0,0
1919,"Ilex decidua",1,139,139,139,139,139,139,139,139,0,0
1919,"Rubus laciniatus",1,167,167,167,167,167,167,167,167,0,0
1919,"Rubus spectabilis",1,96,96,196,196,96,196,96,196,0,0
1920,"Acer platanoides",1,27,27,27,27,27,27,27,27,0,0
1920,"Acer rubrum",2,101,160,117,160,130.5,138.5,130.5,138.5,59,43
1920,"Juglans nigra",1,151,151,151,151,151,151,151,151,0,0
1920,"Rubus spectabilis",1,60,60,60,60,60,60,60,60,0,0
1921,"Acer rubrum",2,58,109,109,110,83.5,109.5,83.5,109.5,51,1
1921,"Rubus spectabilis",1,92,92,92,92,92,92,92,92,0,0
1922,"Acer platanoides",1,106,106,179,179,106,179,106,179,0,0
1922,"Acer rubrum",2,120,121,120,121,120.5,120.5,120.5,120.5,1,1
1922,"Rubus spectabilis",2,88,180,88,180,134,134,134,134,92,92
1923,"Juglans nigra",1,144,144,162,162,144,162,144,162,0,0
1923,"Rubus laciniatus",1,191,191,191,191,191,191,191,191,0,0
1923,"Rubus spectabilis",1,105,105,105,105,105,105,105,105,0,0
1924,"Acer rubrum",1,124,124,124,124,124,124,124,124,0,0
1924,"Juglans nigra",1,139,139,151,151,139,151,139,151,0,0
1924,"Rubus spectabilis",2,117,117,117,117,117,117,117,117,0,0
1925,"Acer platanoides",1,124,124,124,124,124,124,124,124,0,0
1925,"Acer rubrum",1,116,116,116,116,116,116,116,116,0,0
1925,"Rubus laciniatus",1,212,212,212,212,212,212,212,212,0,0
1925,"Rubus spectabilis",1,213,213,213,213,213,213,213,213,0,0
1926,"Acer platanoides",1,121,121,121,121,121,121,121,121,0,0
1926,"Acer rubrum",1,106,106,116,116,106,116,106,116,0,0
1926,"Ilex decidua",1,143,143,143,143,143,143,143,143,0,0
1926,"Juglans nigra",1,144,144,149,149,144,149,144,149,0,0
1926,"Rubus laciniatus",2,150,168,168,311,159,239.5,159,239.5,18,143
1926,"Rubus spectabilis",2,53,73,102,178,63,140,63,140,20,76
1927,"Acer rubrum",1,115,115,115,115,115,115,115,115,0,0
1927,"Juglans nigra",1,103,103,103,103,103,103,103,103,0,0
1927,"Rubus laciniatus",2,238,281,238,281,259.5,259.5,259.5,259.5,43,43
1927,"Rubus spectabilis",2,110,172,207,208,141,207.5,141,207.5,62,1
1928,"Acer rubrum",1,52,52,221,221,52,221,52,221,0,0
1928,"Ilex decidua",1,133,133,133,133,133,133,133,133,0,0
1928,"Juglans nigra",1,148,148,148,148,148,148,148,148,0,0
1928,"Rubus laciniatus",1,214,214,214,214,214,214,214,214,0,0
1928,"Rubus spectabilis",2,78,92,92,200,85,146,85,146,14,108
1929,"Acer platanoides",1,95,95,95,95,95,95,95,95,0,0
1929,"Acer rubrum",3,95,300,95,300,163.666666666667,163.666666666667,96,96,205,205
1929,"Ilex decidua",1,117,117,117,117,117,117,117,117,0,0
1929,"Juglans nigra",1,131,131,131,131,131,131,131,131,0,0
1929,"Rubus laciniatus",2,182,190,191,191,186,191,186,191,8,0
1929,"Rubus spectabilis",2,83,127,127,132,105,129.5,105,129.5,44,5
1930,"Acer platanoides",1,115,115,115,115,115,115,115,115,0,0
1930,"Rubus laciniatus",1,141,141,141,141,141,141,141,141,0,0
1930,"Rubus spectabilis",2,62,108,190,207,85,198.5,85,198.5,46,17
1931,"Acer platanoides",1,110,110,112,112,110,112,110,112,0,0
1931,"Acer rubrum",1,65,65,110,110,65,110,65,110,0,0
1931,"Ilex decidua",1,108,108,108,108,108,108,108,108,0,0
1931,"Juglans nigra",1,134,134,134,134,134,134,134,134,0,0
1931,"Rubus laciniatus",2,187,188,187,188,187.5,187.5,187.5,187.5,1,1
1931,"Rubus spectabilis",3,91,158,158,234,117,183.666666666667,102,159,67,76
1932,"Juglans nigra",1,153,153,166,166,153,166,153,166,0,0
1932,"Rubus laciniatus",2,182,182,214,214,182,214,182,214,0,0
1932,"Rubus spectabilis",3,93,181,107,199,127,162.333333333333,107,181,88,92
1933,"Acer platanoides",1,127,127,139,139,127,139,127,139,0,0
1933,"Acer rubrum",3,87,118,87,119,97.6666666666667,108,88,118,31,32
1933,"Ilex decidua",1,99,99,99,99,99,99,99,99,0,0
1933,"Juglans nigra",2,135,136,135,179,135.5,157,135.5,157,1,44
1933,"Rubus laciniatus",1,173,173,194,194,173,194,173,194,0,0
1933,"Rubus spectabilis",2,101,139,139,220,120,179.5,120,179.5,38,81
1934,"Acer platanoides",1,116,116,121,121,116,121,116,121,0,0
1934,"Acer rubrum",1,106,106,121,121,106,121,106,121,0,0
1934,"Juglans nigra",3,120,152,148,155,140,151.666666666667,148,152,32,7
1934,"Rubus spectabilis",3,49,77,49,153,58.3333333333333,100.333333333333,49,99,28,104
1935,"Acer rubrum",1,104,104,112,112,104,112,104,112,0,0
1935,"Juglans nigra",1,139,139,142,142,139,142,139,142,0,0
1935,"Rubus spectabilis",3,85,168,167,185,140,173.666666666667,167,169,83,18
1936,"Acer platanoides",1,117,117,119,119,117,119,117,119,0,0
1936,"Acer rubrum",1,96,96,99,99,96,99,96,99,0,0
1936,"Juglans nigra",1,114,114,124,124,114,124,114,124,0,0
1936,"Rubus laciniatus",1,183,183,198,198,183,198,183,198,0,0
1936,"Rubus spectabilis",3,67,157,67,195,102,139.666666666667,82,157,90,128
1937,"Acer platanoides",1,85,85,85,85,85,85,85,85,0,0
1937,"Acer rubrum",1,25,25,162,162,25,162,25,162,0,0
1937,"Ilex decidua",1,113,113,122,122,113,122,113,122,0,0
1937,"Juglans nigra",2,122,145,145,152,133.5,148.5,133.5,148.5,23,7
1937,"Rubus laciniatus",3,171,225,171,225,204,204,216,216,54,54
1937,"Rubus spectabilis",2,85,136,136,233,110.5,184.5,110.5,184.5,51,97
1938,"Acer platanoides",1,153,153,153,153,153,153,153,153,0,0
1938,"Acer rubrum",2,82,107,107,108,94.5,107.5,94.5,107.5,25,1
1938,"Juglans nigra",1,99,99,157,157,99,157,99,157,0,0
1938,"Rubus laciniatus",2,172,172,186,217,172,201.5,172,201.5,0,31
1938,"Rubus spectabilis",2,75,76,134,171,75.5,152.5,75.5,152.5,1,37
1939,"Acer platanoides",1,124,124,133,133,124,133,124,133,0,0
1939,"Acer rubrum",1,67,67,128,128,67,128,67,128,0,0
1939,"Juglans nigra",1,135,135,135,135,135,135,135,135,0,0
1939,"Rubus spectabilis",3,85,190,150,190,120.333333333333,163.666666666667,86,151,105,40
1940,"Acer platanoides",1,92,92,158,158,92,158,92,158,0,0
1940,"Acer rubrum",4,88,142,90,167,111.5,131.25,108,134,54,77
1940,"Ilex decidua",1,108,108,108,108,108,108,108,108,0,0
1940,"Juglans nigra",1,115,115,175,175,115,175,115,175,0,0
1940,"Rubus laciniatus",1,219,219,219,219,219,219,219,219,0,0
1940,"Rubus spectabilis",2,110,110,112,146,110,129,110,129,0,34
1941,"Acer platanoides",1,117,117,117,117,117,117,117,117,0,0
1941,"Acer rubrum",1,96,96,113,113,96,113,96,113,0,0
1941,"Ilex decidua",1,104,104,104,104,104,104,104,104,0,0
1941,"Rubus laciniatus",2,163,163,163,188,163,175.5,163,175.5,0,25
1941,"Rubus spectabilis",2,33,109,98,165,71,131.5,71,131.5,76,67
1942,"Acer platanoides",1,109,109,109,109,109,109,109,109,0,0
1942,"Acer rubrum",1,108,108,108,108,108,108,108,108,0,0
1942,"Ilex decidua",1,136,136,136,136,136,136,136,136,0,0
1942,"Juglans nigra",2,128,145,132,145,136.5,138.5,136.5,138.5,17,13
1942,"Rubus spectabilis",2,178,179,178,179,178.5,178.5,178.5,178.5,1,1
1943,"Acer platanoides",1,122,122,122,122,122,122,122,122,0,0
1943,"Acer rubrum",1,86,86,86,86,86,86,86,86,0,0
1943,"Rubus laciniatus",1,190,190,190,190,190,190,190,190,0,0
1943,"Rubus spectabilis",1,221,221,221,221,221,221,221,221,0,0
1944,"Ilex decidua",1,86,86,121,121,86,121,86,121,0,0
1944,"Juglans nigra",1,129,129,129,129,129,129,129,129,0,0
1944,"Rubus laciniatus",1,171,171,171,171,171,171,171,171,0,0
1945,"Acer rubrum",1,84,84,84,84,84,84,84,84,0,0
1945,"Rubus laciniatus",2,194,194,194,194,194,194,194,194,0,0
1946,"Acer platanoides",1,112,112,112,112,112,112,112,112,0,0
1946,"Acer rubrum",1,12,12,12,12,12,12,12,12,0,0
1946,"Ilex decidua",1,98,98,98,98,98,98,98,98,0,0
1946,"Juglans nigra",1,181,181,181,181,181,181,181,181,0,0
1946,"Rubus laciniatus",1,238,238,238,238,238,238,238,238,0,0
1946,"Rubus spectabilis",1,153,153,153,153,153,153,153,153,0,0
1947,"Acer platanoides",1,143,143,145,145,143,145,143,145,0,0
1947,"Acer rubrum",2,109,110,109,110,109.5,109.5,109.5,109.5,1,1
1947,"Ilex decidua",1,112,112,118,118,112,118,112,118,0,0
1947,"Rubus laciniatus",1,216,216,216,216,216,216,216,216,0,0
1947,"Rubus spectabilis",2,113,114,171,198,113.5,184.5,113.5,184.5,1,27
1948,"Acer platanoides",1,95,95,95,95,95,95,95,95,0,0
1948,"Acer rubrum",1,84,84,84,84,84,84,84,84,0,0
1948,"Ilex decidua",1,99,99,101,101,99,101,99,101,0,0
1948,"Juglans nigra",1,123,123,123,123,123,123,123,123,0,0
1948,"Rubus laciniatus",2,215,237,237,237,226,237,226,237,22,0
1948,"Rubus spectabilis",3,80,122,136,200,102.666666666667,173.666666666667,106,185,42,64
1949,"Acer rubrum",1,51,51,106,106,51,106,51,106,0,0
1949,"Rubus laciniatus",2,163,222,163,222,192.5,192.5,192.5,192.5,59,59
1949,"Rubus spectabilis",2,93,131,93,131,112,112,112,112,38,38
1950,"Acer platanoides",1,111,111,143,143,111,143,111,143,0,0
1950,"Acer rubrum",1,57,57,57,57,57,57,57,57,0,0
1950,"Ilex decidua",1,106,106,106,106,106,106,106,106,0,0
1950,"Rubus laciniatus",1,174,174,174,174,174,174,174,174,0,0
1950,"Rubus spectabilis",3,85,145,86,225,105.333333333333,152,86,145,60,139
1951,"Acer platanoides",1,111,111,111,111,111,111,111,111,0,0
1951,"Acer rubrum",1,119,119,119,119,119,119,119,119,0,0
1951,"Ilex decidua",2,108,109,108,109,108.5,108.5,108.5,108.5,1,1
1951,"Juglans nigra",1,106,106,126,126,106,126,106,126,0,0
1951,"Rubus laciniatus",1,136,136,156,156,136,156,136,156,0,0
1951,"Rubus spectabilis",1,172,172,172,172,172,172,172,172,0,0
1952,"Acer platanoides",1,96,96,109,109,96,109,96,109,0,0
1952,"Acer rubrum",3,71,126,71,126,89.3333333333333,99.6666666666667,71,102,55,55
1952,"Ilex decidua",1,118,118,118,118,118,118,118,118,0,0
1952,"Juglans nigra",1,132,132,132,132,132,132,132,132,0,0
1952,"Rubus spectabilis",2,111,111,114,114,111,114,111,114,0,0
1953,"Acer rubrum",2,124,176,133,176,150,154.5,150,154.5,52,43
1953,"Ilex decidua",3,104,131,104,161,114,124,107,107,27,57
1953,"Juglans nigra",2,130,142,130,142,136,136,136,136,12,12
1953,"Rubus spectabilis",1,182,182,182,182,182,182,182,182,0,0
1954,"Acer rubrum",1,99,99,142,142,99,142,99,142,0,0
1954,"Ilex decidua",1,113,113,113,113,113,113,113,113,0,0
1954,"Rubus laciniatus",2,209,210,209,210,209.5,209.5,209.5,209.5,1,1
1954,"Rubus spectabilis",2,99,100,99,170,99.5,134.5,99.5,134.5,1,71
1955,"Acer platanoides",1,105,105,119,119,105,119,105,119,0,0
1955,"Acer rubrum",1,69,69,162,162,69,162,69,162,0,0
1955,"Juglans nigra",1,120,120,121,121,120,121,120,121,0,0
1955,"Rubus laciniatus",3,121,248,121,248,183.333333333333,183.333333333333,181,181,127,127
1955,"Rubus spectabilis",2,78,135,78,135,106.5,106.5,106.5,106.5,57,57
1956,"Acer platanoides",1,133,133,133,133,133,133,133,133,0,0
1956,"Acer rubrum",1,50,50,133,133,50,133,50,133,0,0
1956,"Ilex decidua",1,74,74,87,87,74,87,74,87,0,0
1956,"Juglans nigra",1,126,126,126,126,126,126,126,126,0,0
1956,"Rubus laciniatus",1,207,207,207,207,207,207,207,207,0,0
1956,"Rubus spectabilis",1,93,93,93,93,93,93,93,93,0,0
1957,"Acer platanoides",1,104,104,262,262,104,262,104,262,0,0
1957,"Acer rubrum",3,12,268,12,269,97.3333333333333,183,12,268,256,257
1957,"Ilex decidua",1,125,125,125,125,125,125,125,125,0,0
1957,"Rubus spectabilis",2,96,118,118,119,107,118.5,107,118.5,22,1
1958,"Acer platanoides",1,109,109,137,137,109,137,109,137,0,0
1958,"Acer rubrum",3,62,135,115,136,104,128.666666666667,115,135,73,21
1958,"Ilex decidua",1,85,85,131,131,85,131,85,131,0,0
1958,"Juglans nigra",1,131,131,132,132,131,132,131,132,0,0
1958,"Rubus laciniatus",1,182,182,182,182,182,182,182,182,0,0
1959,"Acer rubrum",1,54,54,95,95,54,95,54,95,0,0
1959,"Ilex decidua",1,263,263,263,263,263,263,263,263,0,0
1959,"Juglans nigra",1,152,152,152,152,152,152,152,152,0,0
1959,"Rubus spectabilis",3,123,157,123,157,134.666666666667,142.666666666667,124,148,34,34
1960,"Acer rubrum",1,97,97,107,107,97,107,97,107,0,0
1960,"Juglans nigra",1,132,132,132,132,132,132,132,132,0,0
1960,"Rubus laciniatus",3,158,239,158,239,189.333333333333,189.333333333333,171,171,81,81
1960,"Rubus spectabilis",1,86,86,86,86,86,86,86,86,0,0
1961,"Acer rubrum",2,31,112,31,120,71.5,75.5,71.5,75.5,81,89
1961,"Rubus spectabilis",1,135,135,135,135,135,135,135,135,0,0
1962,"Acer platanoides",1,118,118,122,122,118,122,118,122,0,0
1962,"Acer rubrum",1,41,41,116,116,41,116,41,116,0,0
1962,"Ilex decidua",1,112,112,112,112,112,112,112,112,0,0
1962,"Juglans nigra",2,117,130,130,133,123.5,131.5,123.5,131.5,13,3
1962,"Rubus laciniatus",1,199,199,199,199,199,199,199,199,0,0
1962,"Rubus spectabilis",1,49,49,111,111,49,111,49,111,0,0
1963,"Acer platanoides",1,100,100,100,100,100,100,100,100,0,0
1963,"Acer rubrum",2,69,123,123,124,96,123.5,96,123.5,54,1
1963,"Juglans nigra",1,129,129,159,159,129,159,129,159,0,0
1963,"Rubus laciniatus",2,169,169,169,169,169,169,169,169,0,0
1963,"Rubus spectabilis",2,55,61,114,146,58,130,58,130,6,32
1964,"Acer platanoides",1,118,118,129,129,118,129,118,129,0,0
1964,"Acer rubrum",1,73,73,103,103,73,103,73,103,0,0
1964,"Ilex decidua",1,91,91,144,144,91,144,91,144,0,0
1964,"Juglans nigra",1,115,115,142,142,115,142,115,142,0,0
1964,"Rubus laciniatus",4,163,192,163,192,172,177.5,166.5,177.5,29,29
1964,"Rubus spectabilis",2,96,141,141,169,118.5,155,118.5,155,45,28
1965,"Acer platanoides",1,123,123,123,123,123,123,123,123,0,0
1965,"Acer rubrum",2,67,97,98,116,82,107,82,107,30,18
1965,"Ilex decidua",1,105,105,123,123,105,123,105,123,0,0
1965,"Juglans nigra",1,103,103,139,139,103,139,103,139,0,0
1965,"Rubus laciniatus",2,201,211,211,220,206,215.5,206,215.5,10,9
1965,"Rubus spectabilis",2,74,115,115,132,94.5,123.5,94.5,123.5,41,17
1966,"Acer platanoides",1,110,110,129,129,110,129,110,129,0,0
1966,"Acer rubrum",1,66,66,137,137,66,137,66,137,0,0
1966,"Ilex decidua",1,100,100,103,103,100,103,100,103,0,0
1966,"Juglans nigra",2,124,134,134,153,129,143.5,129,143.5,10,19
1966,"Rubus laciniatus",2,174,174,174,174,174,174,174,174,0,0
1966,"Rubus spectabilis",2,94,95,94,128,94.5,111,94.5,111,1,34
1967,"Acer platanoides",1,81,81,111,111,81,111,81,111,0,0
1967,"Acer rubrum",2,83,96,83,158,89.5,120.5,89.5,120.5,13,75
1967,"Ilex decidua",3,94,106,103,110,101,106.333333333333,103,106,12,7
1967,"Juglans nigra",2,117,123,117,238,120,177.5,120,177.5,6,121
1967,"Rubus laciniatus",1,222,222,222,222,222,222,222,222,0,0
1967,"Rubus spectabilis",2,99,105,105,128,102,116.5,102,116.5,6,23
1968,"Acer platanoides",1,107,107,136,136,107,136,107,136,0,0
1968,"Acer rubrum",2,34,107,107,107,70.5,107,70.5,107,73,0
1968,"Juglans nigra",1,114,114,147,147,114,147,114,147,0,0
1968,"Rubus laciniatus",1,195,195,195,195,195,195,195,195,0,0
1968,"Rubus spectabilis",3,63,97,88,214,82.6666666666667,133,88,97,34,126
1969,"Acer platanoides",1,112,112,205,205,112,205,112,205,0,0
1969,"Acer rubrum",2,51,132,112,202,91.5,157,91.5,157,81,90
1969,"Ilex decidua",1,103,103,103,103,103,103,103,103,0,0
1969,"Juglans nigra",1,103,103,146,146,103,146,103,146,0,0
1969,"Rubus spectabilis",1,165,165,165,165,165,165,165,165,0,0
1970,"Acer platanoides",1,99,99,121,121,99,121,99,121,0,0
1970,"Acer rubrum",1,70,70,120,120,70,120,70,120,0,0
1970,"Ilex decidua",1,82,82,93,93,82,93,82,93,0,0
1970,"Juglans nigra",2,136,147,136,147,141.5,141.5,141.5,141.5,11,11
1970,"Rubus laciniatus",1,144,144,167,167,144,167,144,167,0,0
1970,"Rubus spectabilis",1,52,52,95,95,52,95,52,95,0,0
1971,"Acer platanoides",1,135,135,135,135,135,135,135,135,0,0
1971,"Acer rubrum",2,38,72,94,123,55,108.5,55,108.5,34,29
1971,"Ilex decidua",1,133,133,137,137,133,137,133,137,0,0
1971,"Juglans nigra",1,122,122,187,187,122,187,122,187,0,0
1971,"Rubus laciniatus",2,173,173,173,185,173,179,173,179,0,12
1971,"Rubus spectabilis",2,96,150,151,180,123,165.5,123,165.5,54,29
1972,"Acer platanoides",1,111,111,119,119,111,119,111,119,0,0
1972,"Acer rubrum",1,58,58,133,133,58,133,58,133,0,0
1972,"Ilex decidua",2,95,127,95,131,111,113,111,113,32,36
1972,"Juglans nigra",1,99,99,99,99,99,99,99,99,0,0
1972,"Rubus spectabilis",2,72,89,89,155,80.5,122,80.5,122,17,66
1973,"Acer platanoides",1,122,122,122,122,122,122,122,122,0,0
1973,"Acer rubrum",6,8,111,8,112,58,75.3333333333333,60.5,80.5,103,104
1973,"Ilex decidua",1,71,71,71,71,71,71,71,71,0,0
1973,"Juglans nigra",1,79,79,140,140,79,140,79,140,0,0
1973,"Rubus laciniatus",2,178,178,178,200,178,189,178,189,0,22
1973,"Rubus spectabilis",3,86,187,86,342,120,205,87,187,101,256
1974,"Acer platanoides",1,95,95,112,112,95,112,95,112,0,0
1974,"Acer rubrum",2,54,73,73,285,63.5,179,63.5,179,19,212
1974,"Rubus laciniatus",2,169,169,199,201,169,200,169,200,0,2
1974,"Rubus spectabilis",2,76,77,142,236,76.5,189,76.5,189,1,94
1975,"Acer platanoides",1,61,61,144,144,61,144,61,144,0,0
1975,"Acer rubrum",2,32,110,110,129,71,119.5,71,119.5,78,19
1975,"Ilex decidua",2,103,292,159,292,197.5,225.5,197.5,225.5,189,133
1975,"Juglans nigra",1,139,139,149,149,139,149,139,149,0,0
1975,"Rubus laciniatus",1,187,187,187,187,187,187,187,187,0,0
1975,"Rubus spectabilis",2,100,131,131,189,115.5,160,115.5,160,31,58
1976,"Acer platanoides",1,101,101,101,101,101,101,101,101,0,0
1976,"Acer rubrum",2,45,45,45,100,45,72.5,45,72.5,0,55
1976,"Ilex decidua",1,75,75,96,96,75,96,75,96,0,0
1976,"Juglans nigra",1,121,121,143,143,121,143,121,143,0,0
1976,"Rubus laciniatus",2,155,169,169,169,162,169,162,169,14,0
1976,"Rubus spectabilis",1,82,82,152,152,82,152,82,152,0,0
1977,"Acer platanoides",1,89,89,108,108,89,108,89,108,0,0
1977,"Acer rubrum",2,57,73,73,122,65,97.5,65,97.5,16,49
1977,"Ilex decidua",3,78,120,99,120,99,108,99,105,42,21
1977,"Juglans nigra",2,102,148,148,149,125,148.5,125,148.5,46,1
1977,"Rubus laciniatus",1,158,158,202,202,158,202,158,202,0,0
1977,"Rubus spectabilis",4,95,158,95,173,122.5,141.75,118.5,149.5,63,78
1978,"Acer platanoides",1,99,99,144,144,99,144,99,144,0,0
1978,"Acer rubrum",5,72,269,87,269,139.8,151.2,128,129,197,182
1978,"Ilex decidua",1,130,130,130,130,130,130,130,130,0,0
1978,"Rubus spectabilis",1,84,84,125,125,84,125,84,125,0,0
1979,"Acer platanoides",1,101,101,101,101,101,101,101,101,0,0
1979,"Acer rubrum",1,61,61,293,293,61,293,61,293,0,0
1979,"Ilex decidua",1,248,248,248,248,248,248,248,248,0,0
1979,"Juglans nigra",2,149,150,149,178,149.5,163.5,149.5,163.5,1,29
1979,"Rubus laciniatus",1,180,180,180,180,180,180,180,180,0,0
1979,"Rubus spectabilis",1,66,66,120,120,66,120,66,120,0,0
1980,"Acer platanoides",1,109,109,141,141,109,141,109,141,0,0
1980,"Acer rubrum",1,75,75,129,129,75,129,75,129,0,0
1980,"Ilex decidua",1,106,106,135,135,106,135,106,135,0,0
1980,"Juglans nigra",2,135,147,147,147,141,147,141,147,12,0
1980,"Rubus laciniatus",1,206,206,206,206,206,206,206,206,0,0
1980,"Rubus spectabilis",1,120,120,120,120,120,120,120,120,0,0
1981,"Acer platanoides",1,106,106,117,117,106,117,106,117,0,0
1981,"Acer rubrum",2,27,99,107,108,63,107.5,63,107.5,72,1
1981,"Ilex decidua",2,84,127,99,127,105.5,113,105.5,113,43,28
1981,"Juglans nigra",1,121,121,125,125,121,125,121,125,0,0
1981,"Rubus spectabilis",2,100,103,103,123,101.5,113,101.5,113,3,20
1982,"Acer platanoides",1,109,109,113,113,109,113,109,113,0,0
1982,"Acer rubrum",2,27,38,38,122,32.5,80,32.5,80,11,84
1982,"Ilex decidua",1,82,82,85,85,82,85,82,85,0,0
1982,"Juglans nigra",1,123,123,123,123,123,123,123,123,0,0
1982,"Rubus laciniatus",2,174,217,174,217,195.5,195.5,195.5,195.5,43,43
1982,"Rubus spectabilis",2,96,183,183,192,139.5,187.5,139.5,187.5,87,9
1983,"Acer platanoides",1,108,108,123,123,108,123,108,123,0,0
1983,"Acer rubrum",2,92,105,105,106,98.5,105.5,98.5,105.5,13,1
1983,"Ilex decidua",1,132,132,132,132,132,132,132,132,0,0
1983,"Juglans nigra",2,136,137,136,137,136.5,136.5,136.5,136.5,1,1
1983,"Rubus laciniatus",1,155,155,215,215,155,215,155,215,0,0
1983,"Rubus spectabilis",2,65,90,65,90,77.5,77.5,77.5,77.5,25,25
1984,"Acer platanoides",1,87,87,121,121,87,121,87,121,0,0
1984,"Acer rubrum",1,91,91,138,138,91,138,91,138,0,0
1984,"Ilex decidua",2,93,114,114,114,103.5,114,103.5,114,21,0
1984,"Juglans nigra",1,139,139,175,175,139,175,139,175,0,0
1984,"Rubus laciniatus",3,162,181,181,184,168.333333333333,182,162,181,19,3
1985,"Acer platanoides",1,101,101,115,115,101,115,101,115,0,0
1985,"Acer rubrum",3,51,111,51,112,84,91.3333333333333,90,111,60,61
1985,"Ilex decidua",1,96,96,96,96,96,96,96,96,0,0
1985,"Juglans nigra",1,139,139,139,139,139,139,139,139,0,0
1985,"Rubus laciniatus",1,162,162,162,162,162,162,162,162,0,0
1985,"Rubus spectabilis",2,74,137,137,138,105.5,137.5,105.5,137.5,63,1
1986,"Acer platanoides",1,110,110,110,110,110,110,110,110,0,0
1986,"Acer rubrum",3,30,93,30,109,51,77.3333333333333,30,93,63,79
1986,"Ilex decidua",1,79,79,79,79,79,79,79,79,0,0
1986,"Rubus laciniatus",1,167,167,167,167,167,167,167,167,0,0
1986,"Rubus spectabilis",1,131,131,131,131,131,131,131,131,0,0
1987,"Acer rubrum",2,83,89,89,124,86,106.5,86,106.5,6,35
1987,"Ilex decidua",2,108,129,129,130,118.5,129.5,118.5,129.5,21,1
1987,"Juglans nigra",2,129,130,129,130,129.5,129.5,129.5,129.5,1,1
1987,"Rubus laciniatus",1,141,141,181,181,141,181,141,181,0,0
1987,"Rubus spectabilis",1,83,83,124,124,83,124,83,124,0,0
1988,"Acer platanoides",1,108,108,108,108,108,108,108,108,0,0
1988,"Acer rubrum",1,65,65,115,115,65,115,65,115,0,0
1988,"Juglans nigra",1,82,82,164,164,82,164,82,164,0,0
1988,"Rubus laciniatus",1,177,177,181,181,177,181,177,181,0,0
1988,"Rubus spectabilis",2,108,108,108,108,108,108,108,108,0,0
1989,"Acer platanoides",1,104,104,109,109,104,109,104,109,0,0
1989,"Acer rubrum",1,62,62,95,95,62,95,62,95,0,0
1989,"Ilex decidua",1,98,98,99,99,98,99,98,99,0,0
1990,"Acer rubrum",1,40,40,40,40,40,40,40,40,0,0
1990,"Juglans nigra",1,124,124,145,145,124,145,124,145,0,0
1990,"Rubus laciniatus",1,182,182,182,182,182,182,182,182,0,0
1990,"Rubus spectabilis",2,84,85,84,85,84.5,84.5,84.5,84.5,1,1
1991,"Acer rubrum",1,89,89,106,106,89,106,89,106,0,0
1991,"Ilex decidua",1,86,86,86,86,86,86,86,86,0,0
1991,"Juglans nigra",1,154,154,154,154,154,154,154,154,0,0
1991,"Rubus spectabilis",2,181,182,181,182,181.5,181.5,181.5,181.5,1,1
1992,"Acer platanoides",1,101,101,126,126,101,126,101,126,0,0
1992,"Acer rubrum",1,41,41,110,110,41,110,41,110,0,0
1992,"Ilex decidua",1,95,95,270,270,95,270,95,270,0,0
1992,"Juglans nigra",1,140,140,163,163,140,163,140,163,0,0
1992,"Rubus laciniatus",3,170,239,170,239,193,194,170,173,69,69
1992,"Rubus spectabilis",1,160,160,160,160,160,160,160,160,0,0
1993,"Acer platanoides",1,117,117,119,119,117,119,117,119,0,0
1993,"Acer rubrum",2,87,113,113,122,100,117.5,100,117.5,26,9
1993,"Ilex decidua",1,88,88,131,131,88,131,88,131,0,0
1993,"Juglans nigra",2,147,148,150,165,147.5,157.5,147.5,157.5,1,15
1993,"Rubus laciniatus",2,159,204,167,204,181.5,185.5,181.5,185.5,45,37
1993,"Rubus spectabilis",1,81,81,97,97,81,97,81,97,0,0
1994,"Acer platanoides",1,84,84,116,116,84,116,84,116,0,0
1994,"Acer rubrum",3,42,105,42,119,66,88.6666666666667,51,105,63,77
1994,"Juglans nigra",1,98,98,149,149,98,149,98,149,0,0
1994,"Rubus laciniatus",2,152,181,152,181,166.5,166.5,166.5,166.5,29,29
1995,"Acer platanoides",1,85,85,85,85,85,85,85,85,0,0
1995,"Acer rubrum",2,112,113,112,113,112.5,112.5,112.5,112.5,1,1
1995,"Juglans nigra",2,107,143,143,144,125,143.5,125,143.5,36,1
1995,"Rubus laciniatus",2,165,166,165,186,165.5,175.5,165.5,175.5,1,21
1995,"Rubus spectabilis",2,82,83,82,154,82.5,118,82.5,118,1,72
1996,"Acer platanoides",1,115,115,115,115,115,115,115,115,0,0
1996,"Acer rubrum",3,97,138,111,241,115.333333333333,163.333333333333,111,138,41,130
1996,"Ilex decidua",1,79,79,109,109,79,109,79,109,0,0
1996,"Juglans nigra",3,115,162,122,162,130.666666666667,135.333333333333,115,122,47,40
1996,"Rubus laciniatus",1,213,213,213,213,213,213,213,213,0,0
1996,"Rubus spectabilis",1,85,85,110,110,85,110,85,110,0,0
1997,"Acer platanoides",1,101,101,101,101,101,101,101,101,0,0
1997,"Acer rubrum",1,3,3,81,81,3,81,3,81,0,0
1997,"Ilex decidua",1,106,106,131,131,106,131,106,131,0,0
1997,"Juglans nigra",4,104,162,104,163,130.75,145.25,128.5,157,58,59
1997,"Rubus laciniatus",3,147,259,184,259,189.333333333333,220.666666666667,162,219,112,75
1997,"Rubus spectabilis",1,82,82,108,108,82,108,82,108,0,0
1998,"Acer platanoides",1,120,120,120,120,120,120,120,120,0,0
1998,"Acer rubrum",2,23,117,66,117,70,91.5,70,91.5,94,51
1998,"Ilex decidua",2,98,140,115,140,119,127.5,119,127.5,42,25
1998,"Juglans nigra",1,104,104,143,143,104,143,104,143,0,0
1998,"Rubus laciniatus",2,196,228,196,228,212,212,212,212,32,32
1998,"Rubus spectabilis",1,85,85,117,117,85,117,85,117,0,0
1999,"Acer platanoides",1,98,98,113,113,98,113,98,113,0,0
1999,"Acer rubrum",3,31,48,31,95,39,54.6666666666667,38,38,17,64
1999,"Ilex decidua",3,89,127,127,295,107.666666666667,183.333333333333,107,128,38,168
1999,"Rubus laciniatus",1,155,155,155,155,155,155,155,155,0,0
1999,"Rubus spectabilis",2,133,135,133,141,134,137,134,137,2,8
2000,"Acer platanoides",1,119,119,119,119,119,119,119,119,0,0
2000,"Acer rubrum",2,62,72,77,195,67,136,67,136,10,118
2000,"Ilex decidua",1,111,111,285,285,111,285,111,285,0,0
2000,"Juglans nigra",1,93,93,139,139,93,139,93,139,0,0
2000,"Rubus laciniatus",3,189,193,189,193,190.333333333333,191.666666666667,189,193,4,4
2000,"Rubus spectabilis",1,88,88,90,90,88,90,88,90,0,0
2001,"Acer platanoides",1,181,181,181,181,181,181,181,181,0,0
2001,"Acer rubrum",2,52,52,100,152,52,126,52,126,0,52
2001,"Ilex decidua",3,81,109,81,116,98.6666666666667,102,106,109,28,35
2001,"Juglans nigra",1,96,96,96,96,96,96,96,96,0,0
2001,"Rubus spectabilis",1,108,108,196,196,108,196,108,196,0,0
2002,"Acer platanoides",1,108,108,108,108,108,108,108,108,0,0
2002,"Acer rubrum",2,31,75,75,76,53,75.5,53,75.5,44,1
2002,"Ilex decidua",3,43,285,101,285,143.333333333333,162.666666666667,102,102,242,184
2002,"Juglans nigra",4,134,169,134,169,145,145,138.5,138.5,35,35
2002,"Rubus laciniatus",2,167,222,167,222,194.5,194.5,194.5,194.5,55,55
2002,"Rubus spectabilis",1,140,140,140,140,140,140,140,140,0,0
2003,"Acer platanoides",1,103,103,132,132,103,132,103,132,0,0
2003,"Acer rubrum",4,25,144,34,144,64.25,74.75,44,60.5,119,110
2003,"Ilex decidua",2,94,95,94,110,94.5,102,94.5,102,1,16
2003,"Juglans nigra",1,142,142,265,265,142,265,142,265,0,0
2003,"Rubus spectabilis",1,96,96,153,153,96,153,96,153,0,0
2004,"Acer platanoides",1,98,98,123,123,98,123,98,123,0,0
2004,"Acer rubrum",3,7,86,78,116,57,93.3333333333333,78,86,79,38
2004,"Ilex decidua",2,104,104,104,107,104,105.5,104,105.5,0,3
2004,"Juglans nigra",3,111,132,131,132,124.666666666667,131.333333333333,131,131,21,1
2004,"Rubus laciniatus",1,125,125,125,125,125,125,125,125,0,0
2004,"Rubus spectabilis",1,78,78,128,128,78,128,78,128,0,0
2005,"Acer rubrum",2,21,224,61,224,122.5,142.5,122.5,142.5,203,163
2005,"Ilex decidua",3,82,123,119,131,108,124.333333333333,119,123,41,12
2005,"Juglans nigra",2,123,167,123,167,145,145,145,145,44,44
2005,"Rubus spectabilis",1,76,76,119,119,76,119,76,119,0,0
2006,"Acer platanoides",1,110,110,112,112,110,112,110,112,0,0
2006,"Acer rubrum",6,21,98,49,118,64.8333333333333,85.8333333333333,77,91.5,77,69
2006,"Ilex decidua",2,260,306,260,306,283,283,283,283,46,46
2006,"Juglans nigra",2,105,146,146,147,125.5,146.5,125.5,146.5,41,1
2006,"Rubus laciniatus",2,168,181,207,214,174.5,210.5,174.5,210.5,13,7
2006,"Rubus spectabilis",2,85,86,85,151,85.5,118,85.5,118,1,66
2007,"Acer rubrum",2,12,100,100,120,56,110,56,110,88,20
2007,"Ilex decidua",3,71,310,82,310,151,167.666666666667,72,111,239,228
2007,"Juglans nigra",2,145,178,145,178,161.5,161.5,161.5,161.5,33,33
2007,"Rubus laciniatus",4,177,213,177,224,203.25,208.5,211.5,216.5,36,47
2007,"Rubus spectabilis",1,127,127,127,127,127,127,127,127,0,0
2008,"Acer platanoides",1,103,103,123,123,103,123,103,123,0,0
2008,"Acer rubrum",4,48,108,98,114,87.75,107,97.5,108,60,16
2008,"Ilex decidua",2,102,128,128,128,115,128,115,128,26,0
2008,"Juglans nigra",3,131,134,131,172,132,145.666666666667,131,134,3,41
2008,"Rubus spectabilis",1,82,82,196,196,82,196,82,196,0,0
2009,"Acer platanoides",1,114,114,114,114,114,114,114,114,0,0
2009,"Acer rubrum",4,58,114,58,149,78.75,106.25,71.5,109,56,91
2009,"Ilex decidua",2,80,268,126,268,174,197,174,197,188,142
2009,"Juglans nigra",2,141,142,141,154,141.5,147.5,141.5,147.5,1,13
2009,"Rubus laciniatus",2,161,162,161,208,161.5,184.5,161.5,184.5,1,47
2009,"Rubus spectabilis",1,97,97,135,135,97,135,97,135,0,0
2010,"Acer platanoides",1,97,97,97,97,97,97,97,97,0,0
2010,"Acer rubrum",3,59,106,76,150,80.3333333333333,110.666666666667,76,106,47,74
2010,"Ilex decidua",1,111,111,113,113,111,113,111,113,0,0
2010,"Juglans nigra",3,123,141,123,181,129.333333333333,148.333333333333,124,141,18,58
2010,"Rubus laciniatus",2,223,224,223,224,223.5,223.5,223.5,223.5,1,1
2010,"Rubus spectabilis",1,112,112,112,112,112,112,112,112,0,0
2011,"Acer platanoides",1,110,110,110,110,110,110,110,110,0,0
2011,"Acer rubrum",2,64,67,80,97,65.5,88.5,65.5,88.5,3,17
2011,"Ilex decidua",3,84,106,103,107,97.6666666666667,105.333333333333,103,106,22,4
2011,"Juglans nigra",1,91,91,136,136,91,136,91,136,0,0
2011,"Rubus spectabilis",1,122,122,125,125,122,125,122,125,0,0
2012,"Acer platanoides",1,105,105,105,105,105,105,105,105,0,0
2012,"Acer rubrum",2,69,131,74,131,100,102.5,100,102.5,62,57
2012,"Ilex decidua",2,167,260,167,260,213.5,213.5,213.5,213.5,93,93
2012,"Juglans nigra",4,108,171,108,173,125.75,142,112,143.5,63,65
2012,"Rubus laciniatus",1,227,227,259,259,227,259,227,259,0,0
2012,"Rubus spectabilis",2,116,125,125,130,120.5,127.5,120.5,127.5,9,5
2013,"Acer platanoides",1,119,119,119,119,119,119,119,119,0,0
2013,"Acer rubrum",12,3,125,3,125,85.5,98.8333333333333,103,111.5,122,122
2013,"Ilex decidua",1,109,109,138,138,109,138,109,138,0,0
2013,"Juglans nigra",3,140,142,140,142,141,141,141,141,2,2
2013,"Rubus laciniatus",3,206,259,206,259,224,224,207,207,53,53
2013,"Rubus spectabilis",1,105,105,168,168,105,168,105,168,0,0
2014,"Acer platanoides",1,108,108,108,108,108,108,108,108,0,0
2014,"Acer rubrum",13,10,132,10,134,92.4615384615385,100.461538461538,102,108,122,124
2014,"Ilex decidua",1,119,119,119,119,119,119,119,119,0,0
2014,"Juglans nigra",2,104,105,104,148,104.5,126,104.5,126,1,44
2014,"Rubus laciniatus",4,162,214,163,215,187,200.25,186,211.5,52,52
2014,"Rubus spectabilis",3,70,141,108,207,97,152,80,141,71,99
2015,"Acer platanoides",1,124,124,124,124,124,124,124,124,0,0
2015,"Acer rubrum",10,46,109,46,287,88.1,119.4,93.5,106,63,241
2015,"Juglans nigra",2,93,136,93,136,114.5,114.5,114.5,114.5,43,43
2015,"Rubus spectabilis",1,106,106,106,106,106,106,106,106,0,0
2016,"Acer platanoides",1,104,104,112,112,104,112,104,112,0,0
2016,"Acer rubrum",18,34,122,34,141,81.3333333333333,92.4444444444444,83,88.5,88,107
2016,"Ilex decidua",4,110,116,118,144,113.25,131.5,113.5,132,6,26
2016,"Juglans nigra",7,92,144,92,149,120.857142857143,128.571428571429,118,140,52,57
2016,"Rubus laciniatus",1,165,165,210,210,165,210,165,210,0,0
2016,"Rubus spectabilis",3,100,119,112,119,110.333333333333,116.666666666667,112,119,19,7
2017,"Acer platanoides",1,95,95,117,117,95,117,95,117,0,0
2017,"Acer rubrum",20,52,146,69,229,90,107.25,87.5,99.5,94,160
2017,"Ilex decidua",4,89,105,89,109,98.75,100.75,100.5,102.5,16,20
2017,"Juglans nigra",4,122,153,122,153,133.75,133.75,130,130,31,31
2017,"Rubus laciniatus",2,146,154,154,154,150,154,150,154,8,0
2017,"Rubus spectabilis",2,79,136,140,152,107.5,146,107.5,146,57,12
2018,"Acer platanoides",1,112,112,125,125,112,125,112,125,0,0
2018,"Acer rubrum",18,38,127,63,132,82.3888888888889,103.222222222222,83.5,107.5,89,69
2018,"Ilex decidua",3,76,87,76,106,79.6666666666667,88,76,82,11,30
2018,"Juglans nigra",3,132,144,132,144,136,136.666666666667,132,134,12,12
2018,"Rubus laciniatus",1,160,160,160,160,160,160,160,160,0,0
2018,"Rubus spectabilis",2,91,106,91,144,98.5,117.5,98.5,117.5,15,53
2019,"Acer platanoides",1,113,113,113,113,113,113,113,113,0,0
2019,"Acer rubrum",22,11,130,30,310,86.2727272727273,121,89,113.5,119,280
2019,"Ilex decidua",3,85,90,85,90,87.3333333333333,87.3333333333333,87,87,5,5
2019,"Juglans nigra",4,118,137,118,143,125,129.25,122.5,128,19,25
2019,"Rubus laciniatus",3,102,185,102,185,157,157,184,184,83,83
2019,"Rubus spectabilis",3,129,144,129,165,134.333333333333,141.333333333333,130,130,15,36
2020,"Acer platanoides",1,96,96,96,96,96,96,96,96,0,0
2020,"Acer rubrum",22,15,244,52,293,89.6363636363636,122.818181818182,91.5,94,229,241
2020,"Ilex decidua",1,124,124,124,124,124,124,124,124,0,0
2020,"Juglans nigra",4,69,143,128,143,119.75,136.75,133.5,138,74,15
2020,"Rubus laciniatus",1,178,178,178,178,178,178,178,178,0,0
2020,"Rubus spectabilis",1,176,176,176,176,176,176,176,176,0,0
2021,"Acer rubrum",25,14,122,57,365,79.72,125.28,85,103,108,308
2021,"Ilex decidua",2,102,308,102,308,205,205,205,205,206,206
2021,"Juglans nigra",5,79,147,79,147,123.8,128,130,137,68,68
2021,"Rubus laciniatus",2,163,195,163,208,179,185.5,179,185.5,32,45
2021,"Rubus spectabilis",2,94,145,106,154,119.5,130,119.5,130,51,48
2022,"Acer rubrum",1,57,57,57,57,57,57,57,57,0,0
2022,"Ilex decidua",1,101,101,101,101,101,101,101,101,0,0
2022,"Juglans nigra",1,146,146,146,146,146,146,146,146,0,0
2022,"Rubus spectabilis",1,137,137,167,167,137,167,137,167,0,0
2023,"Acer rubrum",1,28,28,106,106,28,106,28,106,0,0
2023,"Rubus spectabilis",1,120,120,120,120,120,120,120,120,0,0
2026,"Juglans nigra",1,129,129,129,129,129,129,129,129,0,0
